 Date ,Close/Last,Volume,Open,High,Low
12/29/2023,192.53,"42,672,150.00",193.90,194.40,191.73
12/28/2023,193.58,"34,049,900.00",194.14,194.66,193.17
12/27/2023,193.15,"48,087,680.00",192.49,193.50,191.09
12/26/2023,193.05,"28,919,310.00",193.61,193.89,192.83
12/22/2023,193.60,"37,149,570.00",195.18,195.41,192.97
12/21/2023,194.68,"46,482,550.00",196.10,197.08,193.50
12/20/2023,194.83,"52,242,820.00",196.90,197.68,194.83
12/19/2023,196.94,"40,714,050.00",196.16,196.95,195.89
12/18/2023,195.89,"55,751,860.00",196.09,196.63,194.39
12/15/2023,197.57,"128,538,400.00",197.53,198.40,197.00
12/14/2023,198.11,"66,831,570.00",198.02,199.62,196.16
12/13/2023,197.96,"70,404,180.00",195.09,198.00,194.85
12/12/2023,194.71,"52,696,900.00",193.08,194.72,191.72
12/11/2023,193.18,"60,943,700.00",193.11,193.49,191.42
12/8/2023,195.71,"53,406,360.00",194.20,195.99,193.67
12/7/2023,194.27,"47,477,660.00",193.63,195.00,193.59
12/6/2023,192.32,"41,089,740.00",194.45,194.76,192.11
12/5/2023,193.42,"66,628,400.00",190.21,194.40,190.18
12/4/2023,189.43,"43,389,520.00",189.98,190.05,187.45
12/1/2023,191.24,"45,704,820.00",190.33,191.56,189.23
11/30/2023,189.95,"48,794,370.00",189.84,190.32,188.19
11/29/2023,189.37,"43,014,220.00",190.90,192.09,188.97
11/28/2023,190.40,"38,415,420.00",189.78,191.08,189.40
11/27/2023,189.79,"40,552,610.00",189.92,190.67,188.90
11/24/2023,189.97,"24,048,340.00",190.87,190.90,189.25
11/22/2023,191.31,"39,630,010.00",191.49,192.93,190.83
11/21/2023,190.64,"38,134,490.00",191.41,191.52,189.74
11/20/2023,191.45,"46,538,610.00",189.89,191.91,189.88
11/17/2023,189.69,"50,941,400.00",190.25,190.38,188.57
11/16/2023,189.71,"54,412,920.00",189.57,190.96,188.65
11/15/2023,188.01,"53,790,500.00",187.85,189.50,187.78
11/14/2023,187.44,"60,108,380.00",187.70,188.11,186.30
11/13/2023,184.80,"43,627,520.00",185.82,186.03,184.21
11/10/2023,186.40,"66,177,920.00",183.97,186.57,183.53
11/9/2023,182.41,"53,763,540.00",182.96,184.12,181.81
11/8/2023,182.89,"49,340,280.00",182.35,183.45,181.59
11/7/2023,181.82,"70,529,970.00",179.18,182.44,178.97
11/6/2023,179.23,"63,841,310.00",176.38,179.43,176.21
11/3/2023,176.65,"79,829,250.00",174.24,176.82,173.35
11/2/2023,177.57,"77,334,750.00",175.52,177.78,175.46
11/1/2023,173.97,"56,934,910.00",171.00,174.23,170.12
10/31/2023,170.77,"44,846,020.00",169.35,170.90,167.90
10/30/2023,170.29,"51,130,960.00",169.02,171.17,168.87
10/27/2023,168.22,"58,499,130.00",166.91,168.96,166.83
10/26/2023,166.89,"70,625,260.00",170.37,171.38,165.67
10/25/2023,171.10,"57,156,960.00",171.88,173.06,170.65
10/24/2023,173.44,"43,816,640.00",173.05,173.67,171.45
10/23/2023,173.00,"55,980,110.00",170.91,174.01,169.93
10/20/2023,172.88,"64,244,030.00",175.31,175.42,172.64
10/19/2023,175.46,"59,302,860.00",176.04,177.84,175.19
10/18/2023,175.84,"54,764,380.00",175.58,177.58,175.11
10/17/2023,177.15,"57,549,350.00",176.65,178.42,174.80
10/16/2023,178.72,"52,516,980.00",176.75,179.08,176.51
10/13/2023,178.85,"51,456,080.00",181.42,181.93,178.14
10/12/2023,180.71,"56,743,120.00",180.07,182.34,179.04
10/11/2023,179.80,"47,551,100.00",178.20,179.85,177.60
10/10/2023,178.39,"43,698,020.00",178.10,179.72,177.95
10/9/2023,178.99,"42,390,770.00",176.81,179.05,175.80
10/6/2023,177.49,"57,266,680.00",173.80,177.99,173.18
10/5/2023,174.91,"48,527,920.00",173.79,175.45,172.68
10/4/2023,173.66,"53,020,290.00",171.09,174.21,170.97
10/3/2023,172.40,"49,594,610.00",172.26,173.63,170.82
10/2/2023,173.75,"52,164,540.00",171.22,174.30,170.93
9/29/2023,171.21,"51,861,080.00",172.02,173.07,170.34
9/28/2023,170.69,"56,294,420.00",169.34,172.03,167.62
9/27/2023,170.43,"66,921,810.00",172.62,173.04,169.05
9/26/2023,171.96,"64,588,950.00",174.82,175.20,171.66
9/25/2023,176.08,"46,172,740.00",174.20,176.97,174.15
9/22/2023,174.79,"56,725,390.00",174.67,177.08,174.05
9/21/2023,173.93,"63,149,120.00",174.55,176.30,173.86
9/20/2023,175.49,"58,436,180.00",179.26,179.70,175.40
9/19/2023,179.07,"51,826,940.00",177.52,179.63,177.13
9/18/2023,177.97,"67,257,570.00",176.48,179.38,176.17
9/15/2023,175.01,"109,259,500.00",176.48,176.50,173.82
9/14/2023,175.74,"60,895,760.00",174.00,176.10,173.58
9/13/2023,174.21,"84,267,930.00",176.51,177.30,173.98
9/12/2023,176.30,"90,370,190.00",179.49,180.13,174.82
9/11/2023,179.36,"58,953,050.00",180.07,180.30,177.34
9/8/2023,178.18,"65,602,070.00",178.35,180.24,177.79
9/7/2023,177.56,"112,488,800.00",175.18,178.21,173.54
9/6/2023,182.91,"81,755,820.00",188.40,188.85,181.47
9/5/2023,189.70,"45,280,030.00",188.28,189.98,187.61
9/1/2023,189.46,"45,766,500.00",189.49,189.92,188.28
8/31/2023,187.87,"60,794,470.00",187.84,189.12,187.48
8/30/2023,187.65,"60,813,890.00",184.94,187.85,184.74
8/29/2023,184.12,"53,003,950.00",179.70,184.90,179.50
8/28/2023,180.19,"43,820,700.00",180.09,180.59,178.55
8/25/2023,178.61,"51,449,590.00",177.38,179.15,175.82
8/24/2023,176.38,"54,945,800.00",180.67,181.10,176.01
8/23/2023,181.12,"52,722,750.00",178.52,181.55,178.33
8/22/2023,177.23,"42,084,250.00",177.06,177.68,176.25
8/21/2023,175.84,"46,311,880.00",175.07,176.13,173.74
8/18/2023,174.49,"61,172,150.00",172.30,175.10,171.96
8/17/2023,174.00,"66,062,880.00",177.14,177.51,173.48
8/16/2023,176.57,"46,964,860.00",177.13,178.54,176.50
8/15/2023,177.45,"43,622,590.00",178.88,179.48,177.05
8/14/2023,179.46,"43,675,630.00",177.97,179.69,177.31
8/11/2023,177.79,"52,036,670.00",177.32,178.62,176.55
8/10/2023,177.97,"54,686,850.00",179.48,180.75,177.60
8/9/2023,178.19,"60,378,490.00",180.87,180.93,177.01
8/8/2023,179.80,"67,823,000.00",179.69,180.27,177.58
8/7/2023,178.85,"97,576,070.00",182.13,183.13,177.35
8/4/2023,181.99,"115,956,800.00",185.52,187.38,181.92
8/3/2023,191.17,"62,243,280.00",191.57,192.37,190.69
8/2/2023,192.58,"50,389,330.00",195.04,195.18,191.85
8/1/2023,195.61,"35,281,430.00",196.24,196.73,195.28
7/31/2023,196.45,"38,824,110.00",196.06,196.49,195.26
7/28/2023,195.83,"48,291,440.00",194.67,196.63,194.14
7/27/2023,193.22,"47,460,180.00",196.02,197.20,192.55
7/26/2023,194.50,"47,471,870.00",193.67,195.64,193.32
7/25/2023,193.62,"37,283,200.00",193.33,194.44,192.92
7/24/2023,192.75,"45,505,100.00",193.41,194.91,192.25
7/21/2023,191.94,"71,951,680.00",194.10,194.97,191.23
7/20/2023,193.13,"59,581,200.00",195.09,196.47,192.50
7/19/2023,195.10,"80,507,320.00",193.10,198.23,192.65
7/18/2023,193.73,"48,353,770.00",193.35,194.33,192.42
7/17/2023,193.99,"50,520,160.00",191.90,194.32,191.81
7/14/2023,190.69,"41,616,240.00",190.23,191.18,189.63
7/13/2023,190.54,"41,342,340.00",190.50,191.19,189.78
7/12/2023,189.77,"60,750,250.00",189.68,191.70,188.47
7/11/2023,188.08,"46,638,120.00",189.16,189.30,186.60
7/10/2023,188.61,"59,922,160.00",189.26,189.99,187.04
7/7/2023,190.68,"46,815,000.00",191.41,192.67,190.24
7/6/2023,191.81,"45,156,010.00",189.84,192.02,189.20
7/5/2023,191.33,"46,920,260.00",191.57,192.98,190.62
7/3/2023,192.46,"31,346,600.00",193.78,193.88,191.76
6/30/2023,193.97,"85,213,220.00",191.63,194.48,191.26
6/29/2023,189.59,"46,347,310.00",189.08,190.07,188.94
6/28/2023,189.25,"51,216,800.00",187.93,189.90,187.60
6/27/2023,188.06,"50,730,850.00",185.89,188.39,185.67
6/26/2023,185.27,"48,088,660.00",186.83,188.05,185.23
6/23/2023,186.68,"53,117,000.00",185.55,187.56,185.01
6/22/2023,187.00,"51,245,330.00",183.74,187.05,183.67
6/21/2023,183.96,"49,515,700.00",184.90,185.41,182.59
6/20/2023,185.01,"49,799,090.00",184.41,186.10,184.41
6/16/2023,184.92,"101,256,200.00",186.73,186.99,184.27
6/15/2023,186.01,"65,433,170.00",183.96,186.52,183.78
6/14/2023,183.95,"57,462,880.00",183.37,184.39,182.02
6/13/2023,183.31,"54,929,130.00",182.80,184.15,182.44
6/12/2023,183.79,"54,755,000.00",181.27,183.89,180.97
6/9/2023,180.96,"48,899,970.00",181.50,182.23,180.63
6/8/2023,180.57,"50,214,880.00",177.90,180.84,177.46
6/7/2023,177.82,"61,944,620.00",178.44,181.21,177.32
6/6/2023,179.21,"64,848,370.00",179.97,180.12,177.43
6/5/2023,179.58,"121,946,500.00",182.63,184.95,178.04
6/2/2023,180.95,"61,996,910.00",181.03,181.78,179.26
6/1/2023,180.09,"68,901,810.00",177.70,180.12,176.93
5/31/2023,177.25,"99,625,290.00",177.33,179.35,176.76
5/30/2023,177.30,"55,964,400.00",176.96,178.99,176.57
5/26/2023,175.43,"54,834,980.00",173.32,175.77,173.11
5/25/2023,172.99,"56,058,260.00",172.41,173.90,171.69
5/24/2023,171.84,"45,143,490.00",171.09,172.42,170.52
5/23/2023,171.56,"50,747,260.00",173.13,173.38,171.28
5/22/2023,174.20,"43,570,930.00",173.98,174.71,173.45
5/19/2023,175.16,"55,809,480.00",176.39,176.39,174.94
5/18/2023,175.05,"65,496,660.00",173.00,175.24,172.58
5/17/2023,172.69,"57,951,600.00",171.71,172.93,170.42
5/16/2023,172.07,"42,110,290.00",171.99,173.14,171.80
5/15/2023,172.07,"37,266,660.00",173.16,173.21,171.47
5/12/2023,172.57,"45,533,140.00",173.62,174.06,171.00
5/11/2023,173.75,"49,514,680.00",173.85,174.59,172.17
5/10/2023,173.56,"53,724,500.00",173.02,174.03,171.90
5/9/2023,171.77,"45,326,870.00",173.05,173.54,171.60
5/8/2023,173.50,"55,962,790.00",172.48,173.85,172.11
5/5/2023,173.57,"113,453,200.00",170.98,174.30,170.76
5/4/2023,165.79,"81,235,430.00",164.89,167.04,164.31
5/3/2023,167.45,"65,136,020.00",169.50,170.92,167.16
5/2/2023,168.54,"48,425,700.00",170.09,170.35,167.54
5/1/2023,169.59,"52,472,940.00",169.28,170.45,168.64
4/28/2023,169.68,"55,275,850.00",168.49,169.85,167.88
4/27/2023,168.41,"64,902,330.00",165.19,168.56,165.19
4/26/2023,163.76,"45,498,800.00",163.06,165.28,162.80
4/25/2023,163.77,"48,714,060.00",165.19,166.31,163.73
4/24/2023,165.33,"41,949,580.00",165.00,165.60,163.89
4/21/2023,165.02,"58,337,340.00",165.05,166.45,164.49
4/20/2023,166.65,"52,456,380.00",166.09,167.87,165.56
4/19/2023,167.63,"47,720,170.00",165.80,168.16,165.54
4/18/2023,166.47,"49,923,010.00",166.10,167.41,165.65
4/17/2023,165.23,"41,516,220.00",165.09,165.39,164.03
4/14/2023,165.21,"49,386,480.00",164.59,166.32,163.82
4/13/2023,165.56,"68,445,650.00",161.63,165.80,161.42
4/12/2023,160.10,"50,133,060.00",161.22,162.06,159.78
4/11/2023,160.80,"47,644,220.00",162.35,162.36,160.51
4/10/2023,162.03,"47,716,880.00",161.42,162.03,160.08
4/6/2023,164.66,"45,390,120.00",162.43,164.96,162.00
4/5/2023,163.76,"51,511,740.00",164.74,165.05,161.80
4/4/2023,165.63,"46,278,300.00",166.60,166.84,165.11
4/3/2023,166.17,"56,976,190.00",164.27,166.29,164.22
3/31/2023,164.90,"68,749,790.00",162.44,165.00,161.91
3/30/2023,162.36,"49,501,690.00",161.53,162.47,161.27
3/29/2023,160.77,"51,305,690.00",159.37,161.05,159.35
3/28/2023,157.65,"45,992,150.00",157.97,158.49,155.98
3/27/2023,158.28,"52,390,270.00",159.94,160.77,157.87
3/24/2023,160.25,"59,256,340.00",158.86,160.34,157.85
3/23/2023,158.93,"67,622,060.00",158.83,161.55,157.68
3/22/2023,157.83,"75,701,810.00",159.30,162.14,157.81
3/21/2023,159.28,"73,938,290.00",157.32,159.40,156.54
3/20/2023,157.40,"73,641,420.00",155.07,157.82,154.15
3/17/2023,155.00,"98,944,630.00",156.08,156.74,154.28
3/16/2023,155.85,"76,254,420.00",152.16,156.46,151.64
3/15/2023,152.99,"77,167,870.00",151.19,153.25,149.92
3/14/2023,152.59,"73,695,890.00",151.28,153.40,150.10
3/13/2023,150.47,"84,457,120.00",147.81,153.14,147.70
3/10/2023,148.50,"68,572,400.00",150.21,150.94,147.61
3/9/2023,150.59,"53,833,580.00",153.56,154.54,150.23
3/8/2023,152.87,"47,204,790.00",152.81,153.47,151.83
3/7/2023,151.60,"56,182,030.00",153.70,154.03,151.13
3/6/2023,153.83,"87,558,030.00",153.79,156.30,153.46
3/3/2023,151.03,"70,732,300.00",148.05,151.11,147.33
3/2/2023,145.91,"52,279,760.00",144.38,146.71,143.90
3/1/2023,145.31,"55,478,990.00",146.83,147.23,145.01
2/28/2023,147.41,"50,547,000.00",147.05,149.08,146.83
2/27/2023,147.92,"44,998,470.00",147.71,149.17,147.45
2/24/2023,146.71,"55,469,610.00",147.11,147.19,145.72
2/23/2023,149.40,"48,394,250.00",150.09,150.34,147.24
2/22/2023,148.91,"51,011,310.00",148.87,149.95,147.16
2/21/2023,148.48,"58,867,230.00",150.20,151.30,148.41
2/17/2023,152.55,"59,144,120.00",152.35,153.00,150.85
2/16/2023,153.71,"68,167,940.00",153.51,156.33,153.35
2/15/2023,155.33,"65,669,250.00",153.11,155.50,152.88
2/14/2023,153.20,"61,707,570.00",152.12,153.77,150.86
2/13/2023,153.85,"62,199,010.00",150.95,154.26,150.92
2/10/2023,151.01,"57,450,710.00",149.46,151.34,149.22
2/9/2023,150.87,"56,007,140.00",153.78,154.33,150.42
2/8/2023,151.92,"64,120,080.00",153.88,154.58,151.17
2/7/2023,154.65,"83,322,550.00",150.64,155.23,150.64
2/6/2023,151.73,"69,858,310.00",152.58,153.10,150.78
2/3/2023,154.50,"154,357,300.00",148.03,157.38,147.83
2/2/2023,150.82,"118,339,000.00",148.90,151.18,148.17
2/1/2023,145.43,"77,663,630.00",143.97,146.61,141.32
1/31/2023,144.29,"65,874,460.00",142.70,144.34,142.28
1/30/2023,143.00,"64,015,270.00",144.96,145.55,142.85
1/27/2023,145.93,"70,555,840.00",143.16,147.23,143.08
1/26/2023,143.96,"54,105,070.00",143.17,144.25,141.90
1/25/2023,141.86,"65,799,350.00",140.89,142.43,138.81
1/24/2023,142.53,"66,435,140.00",140.31,143.16,140.30
1/23/2023,141.11,"81,760,310.00",138.12,143.32,137.90
1/20/2023,137.87,"80,223,630.00",135.28,138.02,134.22
1/19/2023,135.27,"58,280,410.00",134.08,136.25,133.77
1/18/2023,135.21,"69,672,800.00",136.82,138.61,135.03
1/17/2023,135.94,"63,646,630.00",134.83,137.29,134.13
1/13/2023,134.76,"57,809,720.00",132.03,134.92,131.66
1/12/2023,133.41,"71,379,650.00",133.88,134.26,131.44
1/11/2023,133.49,"69,458,950.00",131.25,133.51,130.46
1/10/2023,130.73,"63,896,160.00",130.26,131.26,128.12
1/9/2023,130.15,"70,790,810.00",130.47,133.41,129.89
1/6/2023,129.62,"87,754,720.00",126.01,130.29,124.89
1/5/2023,125.02,"80,962,710.00",127.13,127.77,124.76
1/4/2023,126.36,"89,113,630.00",126.89,128.66,125.08
1/3/2023,125.07,"112,117,500.00",130.28,130.90,124.17
12/30/2022,129.93,"77,034,210.00",128.41,129.95,127.43
12/29/2022,129.61,"75,703,710.00",127.99,130.48,127.73
12/28/2022,126.04,"85,438,390.00",129.67,131.03,125.87
12/27/2022,130.03,"69,007,830.00",131.38,131.41,128.72
12/23/2022,131.86,"63,814,890.00",130.92,132.42,129.64
12/22/2022,132.23,"77,852,110.00",134.35,134.56,130.30
12/21/2022,135.45,"85,927,990.00",132.98,136.81,132.75
12/20/2022,132.30,"77,432,820.00",131.39,133.25,129.89
12/19/2022,132.37,"79,592,610.00",135.11,135.20,131.32
12/16/2022,134.51,"160,156,900.00",136.69,137.65,133.73
12/15/2022,136.50,"98,931,910.00",141.11,141.80,136.03
12/14/2022,143.21,"82,291,180.00",145.35,146.66,141.16
12/13/2022,145.47,"93,886,160.00",149.50,149.97,144.24
12/12/2022,144.49,"70,462,650.00",142.70,144.50,141.06
12/9/2022,142.16,"76,097,010.00",142.34,145.57,140.90
12/8/2022,142.65,"62,128,340.00",142.36,143.52,141.10
12/7/2022,140.94,"69,721,090.00",142.19,143.37,140.00
12/6/2022,142.91,"64,727,190.00",147.08,147.30,141.92
12/5/2022,146.63,"68,826,440.00",147.77,150.92,145.77
12/2/2022,147.81,"65,447,450.00",145.96,148.00,145.65
12/1/2022,148.31,"71,250,420.00",148.21,149.13,146.61
11/30/2022,148.03,"111,380,900.00",141.40,148.72,140.55
11/29/2022,141.17,"83,763,800.00",144.29,144.81,140.36
11/28/2022,144.22,"69,346,520.00",145.14,146.64,143.38
11/25/2022,148.11,"35,195,860.00",148.31,148.88,147.12
11/23/2022,151.07,"58,301,400.00",149.45,151.83,149.34
11/22/2022,150.18,"51,804,130.00",148.13,150.42,146.93
11/21/2022,148.01,"58,724,070.00",150.16,150.37,147.72
11/18/2022,151.29,"74,829,570.00",152.31,152.70,149.97
11/17/2022,150.72,"80,389,400.00",146.43,151.48,146.15
11/16/2022,148.79,"64,218,270.00",149.13,149.87,147.29
11/15/2022,150.04,"89,868,330.00",152.22,153.59,148.56
11/14/2022,148.28,"73,374,110.00",148.97,150.28,147.43
11/11/2022,149.70,"93,979,670.00",145.82,150.01,144.37
11/10/2022,146.87,"118,854,000.00",141.24,146.87,139.50
11/9/2022,134.87,"74,917,790.00",138.50,138.55,134.59
11/8/2022,139.50,"89,908,480.00",140.41,141.43,137.49
11/7/2022,138.92,"83,374,630.00",137.11,139.15,135.67
11/4/2022,138.38,"140,814,800.00",142.09,142.67,134.38
11/3/2022,138.88,"97,918,520.00",142.06,142.80,138.75
11/2/2022,145.03,"93,604,620.00",148.95,152.17,145.00
11/1/2022,150.65,"80,379,350.00",155.08,155.45,149.13
10/31/2022,153.34,"97,943,170.00",153.16,154.24,151.92
10/28/2022,155.74,"164,762,400.00",148.20,157.50,147.82
10/27/2022,144.80,"109,180,200.00",148.07,149.05,144.13
10/26/2022,149.35,"88,436,170.00",150.96,151.99,148.04
10/25/2022,152.34,"74,732,290.00",150.09,152.49,149.36
10/24/2022,149.45,"75,981,920.00",147.19,150.23,146.00
10/21/2022,147.27,"86,548,610.00",142.87,147.85,142.65
10/20/2022,143.39,"64,521,990.00",143.02,145.89,142.65
10/19/2022,143.86,"61,758,340.00",141.69,144.95,141.50
10/18/2022,143.75,"99,136,610.00",145.49,146.70,140.61
10/17/2022,142.41,"85,250,940.00",141.07,142.90,140.27
10/14/2022,138.38,"88,597,970.00",144.31,144.52,138.19
10/13/2022,142.99,"113,224,000.00",134.99,143.59,134.37
10/12/2022,138.34,"70,433,740.00",139.13,140.36,138.16
10/11/2022,138.98,"77,033,670.00",139.90,141.35,138.22
10/10/2022,140.42,"74,899,000.00",140.42,141.89,138.57
10/7/2022,140.09,"85,925,560.00",142.54,143.10,139.45
10/6/2022,145.43,"68,402,170.00",145.81,147.54,145.22
10/5/2022,146.40,"79,470,970.00",144.08,147.38,143.01
10/4/2022,146.10,"87,830,060.00",145.03,146.22,144.26
10/3/2022,142.45,"114,311,700.00",138.21,143.07,137.69
9/30/2022,138.20,"124,925,300.00",141.28,143.10,138.00
9/29/2022,142.48,"128,138,200.00",146.10,146.72,140.68
9/28/2022,149.84,"146,691,400.00",147.64,150.64,144.84
9/27/2022,151.76,"84,442,740.00",152.74,154.72,149.95
9/26/2022,150.77,"93,339,410.00",149.66,153.77,149.64
9/23/2022,150.43,"96,029,910.00",151.19,151.47,148.56
9/22/2022,152.74,"86,652,540.00",152.38,154.47,150.91
9/21/2022,153.72,"101,696,800.00",157.34,158.74,153.60
9/20/2022,156.90,"107,689,800.00",153.40,158.08,153.08
9/19/2022,154.48,"81,474,250.00",149.31,154.56,149.10
9/16/2022,150.70,"162,278,800.00",151.21,151.35,148.37
9/15/2022,152.37,"90,481,110.00",154.65,155.24,151.38
9/14/2022,155.31,"87,965,410.00",154.79,157.10,153.61
9/13/2022,153.84,"122,656,600.00",159.90,160.54,153.37
9/12/2022,163.43,"104,956,000.00",159.59,164.26,159.30
9/9/2022,157.37,"68,081,010.00",155.47,157.82,154.75
9/8/2022,154.46,"84,923,850.00",154.64,156.36,152.68
9/7/2022,155.96,"87,449,570.00",154.83,156.67,153.61
9/6/2022,154.53,"73,714,840.00",156.47,157.09,153.69
9/2/2022,155.81,"76,957,770.00",159.75,160.36,154.97
9/1/2022,157.96,"74,229,900.00",156.64,158.42,154.67
8/31/2022,157.22,"87,991,090.00",160.31,160.58,157.14
8/30/2022,158.91,"77,906,200.00",162.13,162.56,157.72
8/29/2022,161.38,"73,313,950.00",161.15,162.90,159.82
8/26/2022,163.62,"78,960,980.00",170.57,171.05,163.56
8/25/2022,170.03,"51,218,210.00",168.78,170.14,168.35
8/24/2022,167.53,"53,841,520.00",167.32,168.11,166.25
8/23/2022,167.23,"54,147,080.00",167.08,168.71,166.65
8/22/2022,167.57,"69,026,810.00",169.69,169.86,167.14
8/19/2022,171.52,"70,346,300.00",173.03,173.74,171.31
8/18/2022,174.15,"62,290,080.00",173.75,174.90,173.12
8/17/2022,174.55,"79,542,040.00",172.77,176.15,172.57
8/16/2022,173.03,"56,377,050.00",172.78,173.71,171.66
8/15/2022,173.19,"54,091,690.00",171.52,173.39,171.35
8/12/2022,172.10,"68,039,380.00",169.82,172.17,169.40
8/11/2022,168.49,"57,149,160.00",170.06,170.99,168.19
8/10/2022,169.24,"70,170,540.00",167.68,169.34,166.90
8/9/2022,164.92,"63,135,500.00",164.02,165.82,163.25
8/8/2022,164.87,"60,362,340.00",166.37,167.81,164.20
8/5/2022,165.35,"56,696,990.00",163.21,165.85,163.00
8/4/2022,165.81,"55,474,140.00",166.01,167.19,164.43
8/3/2022,166.13,"82,507,490.00",160.84,166.59,160.75
8/2/2022,160.01,"59,907,030.00",160.10,162.41,159.63
8/1/2022,161.51,"67,829,380.00",161.01,163.59,160.89
7/29/2022,162.51,"101,786,900.00",161.24,163.63,159.50
7/28/2022,157.35,"81,378,730.00",156.98,157.64,154.41
7/27/2022,156.79,"78,620,690.00",152.58,157.33,152.16
7/26/2022,151.60,"55,138,690.00",152.27,153.09,150.80
7/25/2022,152.95,"53,623,950.00",154.01,155.04,152.28
7/22/2022,154.09,"66,675,410.00",155.39,156.28,153.41
7/21/2022,155.35,"65,086,640.00",154.50,155.57,151.94
7/20/2022,153.04,"64,823,410.00",151.12,153.72,150.37
7/19/2022,151.00,"82,982,370.00",147.92,151.23,146.91
7/18/2022,147.07,"81,420,870.00",150.74,151.57,146.70
7/15/2022,150.17,"76,259,930.00",149.78,150.86,148.20
7/14/2022,148.47,"78,140,740.00",144.08,148.95,143.25
7/13/2022,145.49,"71,185,560.00",142.99,146.45,142.12
7/12/2022,145.86,"77,588,760.00",145.76,148.45,145.05
7/11/2022,144.87,"63,305,110.00",145.67,146.64,143.78
7/8/2022,147.04,"64,547,800.00",145.27,147.55,145.00
7/7/2022,146.35,"66,253,710.00",143.29,146.55,143.28
7/6/2022,142.92,"74,064,250.00",141.36,144.12,141.08
7/5/2022,141.56,"73,429,640.00",137.77,141.61,136.93
7/1/2022,138.93,"71,051,550.00",136.04,139.04,135.66
6/30/2022,136.72,"98,964,470.00",137.25,138.37,133.77
6/29/2022,139.23,"66,242,410.00",137.46,140.67,136.67
6/28/2022,137.44,"67,315,330.00",142.13,143.42,137.33
6/27/2022,141.66,"70,207,910.00",142.70,143.49,140.97
6/24/2022,141.66,"89,116,840.00",139.90,141.91,139.77
6/23/2022,138.27,"72,433,770.00",136.82,138.59,135.63
6/22/2022,135.35,"73,409,230.00",134.79,137.76,133.91
6/21/2022,135.87,"81,000,490.00",133.42,137.06,133.32
6/17/2022,131.56,"134,520,300.00",130.07,133.08,129.81
6/16/2022,130.06,"107,961,500.00",132.08,132.39,129.04
6/15/2022,135.43,"91,532,970.00",134.29,137.34,132.16
6/14/2022,132.76,"84,784,330.00",133.13,133.89,131.48
6/13/2022,131.88,"122,207,100.00",132.87,135.20,131.44
6/10/2022,137.13,"91,566,640.00",140.28,140.76,137.06
6/9/2022,142.64,"69,472,980.00",147.08,147.95,142.53
6/8/2022,147.96,"53,950,200.00",148.58,149.87,147.46
6/7/2022,148.71,"67,808,150.00",144.35,149.00,144.10
6/6/2022,146.14,"71,598,380.00",147.03,148.57,144.90
6/3/2022,145.38,"88,570,290.00",146.90,147.97,144.46
6/2/2022,151.21,"72,348,060.00",147.83,151.27,146.86
6/1/2022,148.71,"74,286,640.00",149.90,151.74,147.68
5/31/2022,148.84,"103,718,400.00",149.07,150.66,146.84
5/27/2022,149.64,"90,978,500.00",145.39,149.68,145.26
5/26/2022,143.78,"90,601,550.00",137.39,144.34,137.14
5/25/2022,140.52,"92,482,700.00",138.43,141.79,138.34
5/24/2022,140.36,"104,132,700.00",140.81,141.97,137.33
5/23/2022,143.11,"117,726,300.00",137.79,143.26,137.65
5/20/2022,137.59,"137,426,100.00",139.09,140.70,132.61
5/19/2022,137.35,"136,095,600.00",139.88,141.66,136.60
5/18/2022,140.82,"109,742,900.00",146.85,147.36,139.90
5/17/2022,149.24,"78,336,250.00",148.86,149.77,146.68
5/16/2022,145.54,"86,643,780.00",145.55,147.52,144.18
5/13/2022,147.11,"113,990,900.00",144.59,148.11,143.11
5/12/2022,142.56,"182,602,000.00",142.77,146.20,138.80
5/11/2022,146.50,"142,689,800.00",153.50,155.45,145.81
5/10/2022,154.51,"115,366,700.00",155.52,156.74,152.93
5/9/2022,152.06,"131,577,900.00",154.93,155.83,151.49
5/6/2022,157.28,"116,124,600.00",156.01,159.44,154.18
5/5/2022,156.77,"130,525,300.00",163.85,164.08,154.95
5/4/2022,166.02,"108,256,500.00",159.67,166.48,159.26
5/3/2022,159.48,"88,966,530.00",158.15,160.71,156.32
5/2/2022,157.96,"123,055,300.00",156.71,158.23,153.27
4/29/2022,157.65,"131,747,600.00",161.84,166.20,157.25
4/28/2022,163.64,"130,216,800.00",159.25,164.52,158.93
4/27/2022,156.57,"88,063,190.00",155.91,159.79,155.38
4/26/2022,156.80,"95,623,240.00",162.25,162.34,156.72
4/25/2022,162.88,"96,046,380.00",161.12,163.17,158.46
4/22/2022,161.79,"84,882,420.00",166.46,167.87,161.50
4/21/2022,166.42,"87,227,770.00",168.91,171.53,165.91
4/20/2022,167.23,"67,929,810.00",168.76,168.88,166.10
4/19/2022,167.40,"67,723,830.00",165.02,167.82,163.91
4/18/2022,165.07,"69,023,940.00",163.92,166.60,163.57
4/14/2022,165.29,"75,329,380.00",170.62,171.27,165.04
4/13/2022,170.40,"70,618,930.00",167.39,171.04,166.77
4/12/2022,167.66,"79,265,180.00",168.02,169.87,166.64
4/11/2022,165.75,"72,246,710.00",168.71,169.03,165.50
4/8/2022,170.09,"76,575,510.00",171.78,171.78,169.20
4/7/2022,172.14,"77,594,650.00",171.16,173.36,169.85
4/6/2022,171.83,"89,058,780.00",172.36,173.63,170.13
4/5/2022,175.06,"73,401,790.00",177.50,178.30,174.42
4/4/2022,178.44,"76,545,980.00",174.57,178.49,174.44
4/1/2022,174.31,"78,751,330.00",174.03,174.88,171.94
3/31/2022,174.61,"103,049,300.00",177.84,178.03,174.40
3/30/2022,177.77,"92,633,150.00",178.55,179.61,176.70
3/29/2022,178.96,"100,589,400.00",176.69,179.01,176.34
3/28/2022,175.60,"90,371,920.00",172.17,175.73,172.00
3/25/2022,174.72,"80,546,160.00",173.88,175.28,172.75
3/24/2022,174.07,"90,131,420.00",171.06,174.14,170.21
3/23/2022,170.21,"98,062,670.00",167.99,172.64,167.65
3/22/2022,168.82,"81,532,010.00",165.51,169.42,164.91
3/21/2022,165.38,"95,811,350.00",163.51,166.35,163.02
3/18/2022,163.98,"123,511,700.00",160.51,164.48,159.76
3/17/2022,160.62,"75,615,380.00",158.61,161.00,157.63
3/16/2022,159.59,"102,300,200.00",157.05,160.00,154.46
3/15/2022,155.09,"92,964,300.00",150.90,155.57,150.38
3/14/2022,150.62,"108,732,100.00",151.45,154.12,150.10
3/11/2022,154.73,"96,970,100.00",158.93,159.28,154.50
3/10/2022,158.52,"105,342,000.00",160.20,160.39,155.98
3/9/2022,162.95,"91,454,910.00",161.48,163.41,159.41
3/8/2022,157.44,"131,148,300.00",158.82,162.88,155.80
3/7/2022,159.30,"96,418,850.00",163.36,165.02,159.04
3/4/2022,163.17,"83,819,590.00",164.49,165.55,162.10
3/3/2022,166.23,"76,678,440.00",168.47,168.91,165.55
3/2/2022,166.56,"79,724,750.00",164.39,167.36,162.95
3/1/2022,163.20,"83,474,430.00",164.70,166.60,161.97
2/28/2022,165.12,"95,056,630.00",163.06,165.42,162.43
2/25/2022,164.85,"91,974,220.00",163.84,165.12,160.87
2/24/2022,162.74,"141,147,500.00",152.58,162.85,152.00
2/23/2022,160.07,"90,009,250.00",165.54,166.15,159.75
2/22/2022,164.32,"91,162,760.00",164.98,166.69,162.15
2/18/2022,167.30,"82,772,670.00",169.82,170.54,166.19
2/17/2022,168.88,"69,589,340.00",171.03,171.91,168.47
2/16/2022,172.55,"61,177,400.00",171.85,173.34,170.05
2/15/2022,172.79,"64,286,320.00",170.97,172.95,170.25
2/14/2022,168.88,"86,185,530.00",167.37,169.58,166.56
2/11/2022,168.64,"98,670,690.00",172.33,173.08,168.04
2/10/2022,172.12,"90,865,900.00",174.14,175.48,171.55
2/9/2022,176.28,"71,285,040.00",176.05,176.65,174.90
2/8/2022,174.83,"74,829,220.00",171.73,175.35,171.43
2/7/2022,171.66,"77,251,200.00",172.86,173.95,170.95
2/4/2022,172.39,"82,465,400.00",171.68,174.10,170.68
2/3/2022,172.90,"89,418,070.00",174.48,176.24,172.12
2/2/2022,175.84,"84,914,260.00",174.75,175.88,173.33
2/1/2022,174.61,"86,213,910.00",174.01,174.84,172.31
1/31/2022,174.78,"115,541,600.00",170.16,175.00,169.51
1/28/2022,170.33,"179,935,700.00",165.71,170.35,162.80
1/27/2022,159.22,"121,954,600.00",162.45,163.84,158.28
1/26/2022,159.69,"108,275,300.00",163.50,164.39,157.82
1/25/2022,159.78,"115,798,400.00",158.98,162.76,157.02
1/24/2022,161.62,"162,706,700.00",160.02,162.30,154.70
1/21/2022,162.41,"122,848,900.00",164.42,166.33,162.30
1/20/2022,164.51,"91,420,520.00",166.98,169.68,164.18
1/19/2022,166.23,"94,814,990.00",170.00,171.08,165.94
1/18/2022,169.80,"91,168,730.00",171.51,172.54,169.41
1/14/2022,173.07,"80,440,780.00",171.34,173.78,171.09
1/13/2022,172.19,"84,505,760.00",175.78,176.62,171.79
1/12/2022,175.53,"74,805,170.00",176.12,177.18,174.82
1/11/2022,175.08,"76,138,310.00",172.32,175.18,170.82
1/10/2022,172.19,"106,765,600.00",169.08,172.50,168.17
1/7/2022,172.17,"86,709,150.00",172.89,174.14,171.03
1/6/2022,172.00,"96,903,960.00",172.70,175.30,171.64
1/5/2022,174.92,"94,537,600.00",179.61,180.17,174.64
1/4/2022,179.70,"99,310,440.00",182.63,182.94,179.12
1/3/2022,182.01,"104,701,200.00",177.83,182.88,177.71