Date,Close/Last,Volume,Open,High,Low
12/29/2023,140.93,"14,880,960.00",140.68,141.44,139.90
12/28/2023,141.28,"12,192,550.00",141.85,142.27,140.83
12/27/2023,141.44,"17,288,360.00",142.83,143.32,141.05
12/26/2023,142.82,"11,170,070.00",142.98,143.95,142.50
12/22/2023,142.72,"18,513,520.00",142.13,143.25,142.06
12/21/2023,141.80,"18,101,480.00",140.77,142.03,140.47
12/20/2023,139.66,"33,507,340.00",140.33,143.08,139.41
12/19/2023,138.10,"20,661,000.00",138.00,138.77,137.45
12/18/2023,137.19,"25,699,770.00",133.86,138.38,133.77
12/15/2023,133.84,"58,594,000.00",132.92,134.83,132.63
12/14/2023,133.20,"29,619,100.00",134.77,135.04,131.06
12/13/2023,133.97,"25,414,460.00",134.55,134.78,132.95
12/12/2023,133.64,"26,583,980.00",133.27,134.54,132.83
12/11/2023,134.70,"24,502,860.00",133.82,134.79,132.89
12/8/2023,136.64,"23,016,140.00",135.66,137.99,135.57
12/7/2023,138.45,"38,419,430.00",136.60,140.00,136.23
12/6/2023,131.43,"16,360,650.00",132.90,133.31,131.31
12/5/2023,132.39,"19,235,150.00",130.37,133.54,129.73
12/4/2023,130.63,"24,117,080.00",131.29,131.45,129.40
12/1/2023,133.32,"24,267,990.00",133.32,133.50,132.15
11/30/2023,133.92,"29,913,530.00",136.40,136.96,132.79
11/29/2023,136.40,"21,014,720.00",138.99,139.67,136.30
11/28/2023,138.62,"17,046,870.00",137.63,138.66,137.04
11/27/2023,138.05,"17,886,390.00",137.57,139.63,137.54
11/24/2023,138.22,"8,828,640.00",139.54,139.68,137.47
11/22/2023,140.02,"17,310,210.00",139.10,141.10,139.00
11/21/2023,138.62,"17,648,070.00",137.94,138.97,137.71
11/20/2023,137.92,"19,589,010.00",135.50,138.43,135.49
11/17/2023,136.94,"25,590,190.00",137.82,138.00,135.48
11/16/2023,138.70,"17,615,070.00",136.96,138.88,136.08
11/15/2023,136.38,"15,840,880.00",136.64,136.84,135.33
11/14/2023,135.43,"22,317,350.00",135.65,137.24,135.10
11/13/2023,133.64,"16,409,860.00",133.36,134.11,132.77
11/10/2023,134.06,"20,879,840.00",131.53,134.27,130.87
11/9/2023,131.69,"17,976,530.00",133.36,133.96,131.51
11/8/2023,133.26,"15,093,600.00",132.36,133.54,132.16
11/7/2023,132.40,"19,223,790.00",131.98,133.28,131.14
11/6/2023,131.45,"15,360,360.00",130.22,131.56,129.93
11/3/2023,130.37,"19,529,450.00",129.09,130.73,129.01
11/2/2023,128.58,"24,091,670.00",129.56,130.09,128.11
11/1/2023,127.57,"26,536,600.00",125.34,127.74,124.93
10/31/2023,125.30,"21,123,420.00",126.27,126.56,123.93
10/30/2023,125.75,"24,165,630.00",124.46,126.55,123.88
10/27/2023,123.40,"37,367,670.00",124.03,124.44,121.46
10/26/2023,123.44,"33,907,360.00",124.47,125.46,122.32
10/25/2023,126.67,"58,796,070.00",129.77,130.10,126.09
10/24/2023,140.12,"26,535,200.00",139.16,140.71,138.75
10/23/2023,137.90,"20,780,670.00",136.23,139.02,135.11
10/20/2023,136.74,"24,970,260.00",138.59,139.04,136.25
10/19/2023,138.98,"21,831,180.00",139.80,141.01,138.60
10/18/2023,139.28,"18,304,870.00",140.75,141.99,138.71
10/17/2023,140.99,"17,424,020.00",140.03,141.25,138.53
10/16/2023,140.49,"17,345,560.00",139.73,140.91,139.32
10/13/2023,138.58,"19,447,570.00",140.65,141.34,137.97
10/12/2023,140.29,"18,173,110.00",142.16,142.38,139.45
10/11/2023,141.70,"20,146,340.00",139.85,142.22,139.84
10/10/2023,139.20,"19,554,920.00",139.51,140.74,138.43
10/9/2023,139.50,"16,599,100.00",137.99,139.97,136.70
10/6/2023,138.73,"20,826,680.00",134.94,139.19,134.94
10/5/2023,135.99,"15,922,940.00",136.13,136.50,134.46
10/4/2023,136.27,"22,847,990.00",133.66,136.57,133.43
10/3/2023,133.30,"19,628,740.00",134.93,135.24,132.82
10/2/2023,135.17,"19,210,390.00",132.16,135.36,132.07
9/29/2023,131.85,"23,237,340.00",134.08,134.89,131.32
9/28/2023,133.13,"18,201,390.00",130.69,134.18,130.69
9/27/2023,131.46,"18,764,200.00",129.44,131.72,129.38
9/26/2023,129.45,"20,378,790.00",130.91,131.41,128.19
9/25/2023,132.17,"14,650,030.00",130.77,132.22,130.03
9/22/2023,131.25,"17,355,280.00",131.68,133.01,130.51
9/21/2023,131.36,"22,058,380.00",132.39,133.19,131.09
9/20/2023,134.59,"21,473,530.00",138.83,138.84,134.52
9/19/2023,138.83,"15,484,640.00",138.25,139.18,137.50
9/18/2023,138.96,"16,233,590.00",137.63,139.93,137.63
9/15/2023,138.30,"48,958,840.00",138.80,139.36,137.18
9/14/2023,138.99,"19,064,610.00",138.39,139.55,137.06
9/13/2023,137.50,"16,394,920.00",135.90,137.70,134.93
9/12/2023,136.07,"15,212,930.00",137.13,137.64,135.93
9/11/2023,137.74,"17,180,760.00",137.38,138.26,136.55
9/8/2023,137.20,"17,820,010.00",135.87,137.52,135.87
9/7/2023,136.20,"16,975,960.00",134.60,136.58,133.96
9/6/2023,135.37,"15,814,330.00",137.02,137.48,134.69
9/5/2023,136.71,"17,730,220.00",136.44,137.37,135.56
9/1/2023,136.80,"16,671,650.00",138.43,138.58,135.94
8/31/2023,137.35,"28,147,850.00",137.05,138.40,136.82
8/30/2023,136.93,"21,773,360.00",135.57,137.25,135.02
8/29/2023,135.49,"30,803,270.00",133.00,137.30,132.98
8/28/2023,131.79,"16,715,470.00",132.08,133.24,130.85
8/25/2023,130.69,"20,678,100.00",130.14,131.40,128.04
8/24/2023,130.42,"18,680,380.00",134.73,134.97,130.30
8/23/2023,133.21,"26,497,030.00",130.85,134.07,130.51
8/22/2023,129.69,"15,569,370.00",129.13,130.95,128.93
8/21/2023,128.93,"21,851,070.00",127.85,129.26,127.16
8/18/2023,128.11,"23,627,200.00",129.06,129.83,127.00
8/17/2023,130.46,"23,665,560.00",130.45,132.49,129.85
8/16/2023,129.11,"17,548,360.00",129.28,130.90,128.46
8/15/2023,130.27,"14,769,170.00",131.59,131.99,129.82
8/14/2023,131.83,"17,526,200.00",129.85,131.91,129.59
8/11/2023,130.17,"15,205,470.00",129.20,130.44,128.75
8/10/2023,130.21,"17,855,680.00",131.97,132.65,130.04
8/9/2023,130.15,"17,745,220.00",132.19,132.47,129.51
8/8/2023,131.84,"16,835,950.00",130.98,131.94,130.13
8/7/2023,131.94,"17,621,040.00",129.51,132.06,129.43
8/4/2023,128.54,"20,521,850.00",129.60,131.93,128.32
8/3/2023,128.77,"15,086,130.00",128.37,129.77,127.78
8/2/2023,128.64,"22,705,780.00",129.84,130.42,127.85
8/1/2023,131.89,"22,219,010.00",130.86,132.92,130.75
7/31/2023,133.11,"18,381,890.00",133.01,133.83,132.13
7/28/2023,133.01,"26,971,010.00",130.97,134.07,130.92
7/27/2023,129.87,"35,931,610.00",131.80,133.60,129.18
7/26/2023,129.66,"46,216,900.00",130.36,131.37,128.71
7/25/2023,122.79,"31,820,850.00",121.88,123.69,121.53
7/24/2023,121.88,"22,312,220.00",121.93,123.35,121.38
7/21/2023,120.31,"56,514,650.00",120.87,121.30,119.07
7/20/2023,119.53,"27,541,710.00",122.12,124.70,118.69
7/19/2023,122.78,"22,313,800.00",124.79,125.47,122.47
7/18/2023,124.08,"21,071,250.00",124.91,124.99,123.30
7/17/2023,125.06,"20,675,300.00",126.06,127.28,124.50
7/14/2023,125.70,"20,499,780.00",125.13,127.09,124.90
7/13/2023,124.83,"31,535,850.00",121.54,125.34,121.06
7/12/2023,119.62,"22,059,610.00",119.30,120.96,119.00
7/11/2023,117.71,"18,286,570.00",116.76,118.23,115.83
7/10/2023,116.87,"32,960,080.00",119.07,119.07,116.64
7/7/2023,120.14,"20,997,670.00",120.89,121.75,120.09
7/6/2023,120.93,"17,750,180.00",120.64,121.15,119.25
7/5/2023,122.63,"17,830,350.00",120.06,123.37,120.06
7/3/2023,120.56,"13,871,720.00",120.32,121.02,119.71
6/30/2023,120.97,"23,871,760.00",121.10,122.03,120.88
6/29/2023,120.01,"18,517,460.00",120.09,120.91,119.21
6/28/2023,121.08,"19,753,150.00",117.96,121.27,117.60
6/27/2023,119.01,"27,221,710.00",117.84,119.90,116.91
6/26/2023,119.09,"23,184,960.00",121.47,122.72,118.99
6/23/2023,123.02,"29,573,120.00",122.04,123.44,121.86
6/22/2023,123.87,"20,781,890.00",120.66,123.94,119.60
6/21/2023,121.26,"22,612,000.00",123.24,123.41,120.86
6/20/2023,123.85,"22,698,030.00",123.54,125.18,122.83
6/16/2023,124.06,"56,699,200.00",126.70,126.70,123.79
6/15/2023,125.79,"24,517,070.00",123.88,126.16,123.14
6/14/2023,124.38,"24,659,620.00",123.80,124.79,122.16
6/13/2023,124.43,"19,287,650.00",125.65,125.86,123.85
6/12/2023,124.35,"22,289,630.00",123.40,124.75,122.35
6/9/2023,122.87,"20,313,680.00",122.56,124.29,122.42
6/8/2023,122.67,"24,815,000.00",122.59,123.73,122.01
6/7/2023,122.94,"34,179,350.00",127.58,129.55,122.63
6/6/2023,127.91,"19,450,130.00",126.60,128.88,125.97
6/5/2023,126.63,"22,672,520.00",124.61,127.99,124.38
6/2/2023,125.23,"19,367,450.00",124.49,126.75,124.35
6/1/2023,124.37,"25,017,670.00",123.50,125.04,123.30
5/31/2023,123.37,"41,548,760.00",123.70,124.90,123.10
5/30/2023,124.64,"27,230,730.00",126.29,126.38,122.89
5/26/2023,125.43,"25,169,040.00",124.07,126.00,123.29
5/25/2023,124.35,"33,812,730.00",125.21,125.98,122.90
5/24/2023,121.64,"23,087,930.00",121.88,122.75,120.75
5/23/2023,123.29,"24,477,950.00",124.93,125.42,123.05
5/22/2023,125.87,"29,760,240.00",123.51,127.05,123.45
5/19/2023,123.25,"30,268,860.00",124.20,126.48,122.72
5/18/2023,123.52,"27,014,470.00",121.56,123.90,121.49
5/17/2023,121.48,"26,659,560.00",120.18,122.28,119.46
5/16/2023,120.09,"32,370,110.00",116.83,121.20,116.83
5/15/2023,116.96,"22,107,870.00",116.49,118.80,116.48
5/12/2023,117.92,"31,293,780.00",117.00,118.26,116.55
5/11/2023,116.90,"57,115,080.00",115.86,118.44,114.93
5/10/2023,112.28,"47,533,460.00",108.55,113.51,108.48
5/9/2023,107.94,"24,782,440.00",108.78,110.60,107.73
5/8/2023,108.24,"17,266,020.00",105.80,108.42,105.79
5/5/2023,106.22,"20,710,630.00",105.32,106.44,104.74
5/4/2023,105.21,"19,780,640.00",106.16,106.30,104.70
5/3/2023,106.12,"17,116,330.00",106.22,108.13,105.62
5/2/2023,105.98,"20,343,120.00",107.66,107.73,104.50
5/1/2023,107.71,"20,926,260.00",107.72,108.68,107.50
4/28/2023,108.22,"23,957,870.00",107.80,108.29,106.04
4/27/2023,108.37,"38,235,220.00",105.23,109.15,104.42
4/26/2023,104.45,"37,068,170.00",105.56,107.02,103.27
4/25/2023,104.61,"31,408,120.00",106.61,107.44,104.56
4/24/2023,106.78,"21,410,910.00",106.05,107.32,105.36
4/21/2023,105.91,"22,379,020.00",106.09,106.64,105.49
4/20/2023,105.90,"22,515,330.00",104.65,106.89,104.64
4/19/2023,105.02,"16,732,020.00",104.22,105.73,103.80
4/18/2023,105.12,"17,641,370.00",107.00,107.05,104.78
4/17/2023,106.42,"29,043,440.00",105.43,106.71,105.32
4/14/2023,109.46,"20,758,690.00",107.69,109.58,107.59
4/13/2023,108.19,"21,650,750.00",106.47,108.27,106.44
4/12/2023,105.22,"22,761,570.00",107.39,107.59,104.97
4/11/2023,106.12,"18,721,280.00",106.92,107.22,105.28
4/10/2023,106.95,"19,741,520.00",107.39,107.97,105.60
4/6/2023,108.90,"34,684,150.00",105.77,109.63,104.82
4/5/2023,104.95,"21,864,200.00",106.12,106.54,104.10
4/4/2023,105.12,"20,377,230.00",104.84,106.10,104.60
4/3/2023,104.91,"20,719,860.00",102.67,104.95,102.38
3/31/2023,104.00,"28,107,950.00",101.71,104.19,101.44
3/30/2023,101.32,"25,009,830.00",101.44,101.61,100.29
3/29/2023,101.90,"26,148,300.00",102.72,102.82,101.03
3/28/2023,101.36,"24,913,480.00",103.00,103.00,100.28
3/27/2023,103.06,"25,393,420.00",105.32,105.40,102.63
3/24/2023,106.06,"25,245,010.00",105.74,106.16,104.74
3/23/2023,106.26,"31,385,820.00",105.89,107.10,105.41
3/22/2023,104.22,"32,336,880.00",105.14,107.51,104.21
3/21/2023,105.84,"33,122,800.00",101.98,105.96,101.86
3/20/2023,101.93,"26,033,920.00",101.06,102.58,100.79
3/17/2023,102.46,"76,140,310.00",100.84,103.49,100.75
3/16/2023,101.07,"54,588,200.00",96.57,101.97,95.87
3/15/2023,96.55,"38,367,330.00",93.54,97.25,93.04
3/14/2023,94.25,"32,303,880.00",93.07,94.83,92.78
3/13/2023,91.66,"31,508,570.00",90.57,93.08,89.94
3/10/2023,91.01,"32,850,090.00",92.50,93.18,90.80
3/9/2023,92.66,"24,438,890.00",94.49,95.92,92.36
3/8/2023,94.65,"25,395,200.00",94.41,96.24,94.41
3/7/2023,94.17,"24,101,540.00",95.42,96.09,93.84
3/6/2023,95.58,"28,288,210.00",94.36,96.30,94.30
3/3/2023,94.02,"30,242,540.00",92.74,94.11,92.66
3/2/2023,92.31,"23,344,560.00",89.86,92.48,89.77
3/1/2023,90.51,"26,323,880.00",90.16,91.20,89.85
2/28/2023,90.30,"30,546,910.00",89.54,91.45,89.52
2/27/2023,90.10,"22,724,260.00",90.09,90.45,89.61
2/24/2023,89.35,"31,295,620.00",89.63,90.13,88.86
2/23/2023,91.07,"32,423,720.00",92.13,92.13,90.01
2/22/2023,91.80,"29,891,140.00",91.93,92.36,90.87
2/21/2023,92.05,"28,367,200.00",93.24,93.41,92.00
2/17/2023,94.59,"31,095,070.00",95.07,95.75,93.45
2/16/2023,95.78,"35,642,110.00",95.54,97.88,94.97
2/15/2023,97.10,"37,029,890.00",94.74,97.34,94.36
2/14/2023,94.95,"42,513,080.00",94.66,95.18,92.65
2/13/2023,95.00,"43,116,560.00",95.01,95.35,94.05
2/10/2023,94.86,"49,325,280.00",95.74,97.02,94.53
2/9/2023,95.46,"97,798,570.00",100.54,100.61,93.86
2/8/2023,100.00,"73,546,030.00",102.69,103.58,98.46
2/7/2023,108.04,"33,738,830.00",103.63,108.67,103.55
2/6/2023,103.47,"25,573,050.00",102.69,104.70,102.21
2/3/2023,105.22,"36,823,420.00",103.51,108.02,103.30
2/2/2023,108.80,"46,622,630.00",106.79,108.82,106.54
2/1/2023,101.43,"26,392,570.00",99.74,102.19,98.42
1/31/2023,99.87,"22,306,780.00",97.86,99.91,97.79
1/30/2023,97.95,"24,365,140.00",98.75,99.41,97.52
1/27/2023,100.71,"29,020,350.00",99.05,101.58,98.97
1/26/2023,99.16,"24,542,060.00",98.28,99.21,96.82
1/25/2023,96.73,"31,000,850.00",97.20,97.72,95.26
1/24/2023,99.21,"27,391,370.00",99.55,101.09,98.70
1/23/2023,101.21,"31,791,780.00",99.13,101.40,98.75
1/20/2023,99.28,"53,704,760.00",95.95,99.42,95.91
1/19/2023,93.91,"28,707,650.00",91.39,94.40,91.38
1/18/2023,91.78,"19,641,620.00",92.94,93.59,91.40
1/17/2023,92.16,"22,935,820.00",92.78,92.97,90.84
1/13/2023,92.80,"18,630,710.00",91.53,92.98,90.93
1/12/2023,91.91,"22,754,220.00",92.40,92.62,90.57
1/11/2023,92.26,"25,998,840.00",90.06,92.45,89.74
1/10/2023,89.24,"22,855,590.00",86.72,89.48,86.70
1/9/2023,88.80,"22,996,680.00",89.20,90.83,88.58
1/6/2023,88.16,"26,612,630.00",87.36,88.47,85.57
1/5/2023,86.77,"23,136,080.00",88.07,88.21,86.56
1/4/2023,88.71,"27,046,480.00",91.01,91.24,87.80
1/3/2023,89.70,"20,738,460.00",89.83,91.55,89.02
12/30/2022,88.73,"19,190,300.00",87.37,88.83,87.03
12/29/2022,88.95,"18,280,660.00",87.03,89.37,86.99
12/28/2022,86.46,"17,879,570.00",87.50,88.52,86.37
12/27/2022,87.93,"15,470,870.00",89.31,89.50,87.54
12/23/2022,89.81,"17,815,010.00",87.62,90.10,87.62
12/22/2022,88.26,"23,656,070.00",88.93,89.18,86.94
12/21/2022,90.25,"20,336,390.00",89.73,90.92,88.91
12/20/2022,89.63,"21,976,850.00",88.73,89.78,88.04
12/19/2022,89.15,"23,020,540.00",90.88,91.20,88.93
12/16/2022,90.86,"48,485,510.00",91.20,91.75,90.01
12/15/2022,91.20,"28,298,760.00",93.54,94.03,90.43
12/14/2022,95.31,"26,452,940.00",95.54,97.22,93.94
12/13/2022,95.85,"34,788,520.00",98.07,99.80,95.38
12/12/2022,93.56,"27,380,950.00",93.09,93.87,91.90
12/9/2022,93.07,"21,885,310.00",93.90,94.49,93.02
12/8/2022,93.95,"25,593,230.00",95.69,95.87,93.80
12/7/2022,95.15,"26,647,880.00",96.77,97.31,95.03
12/6/2022,97.31,"20,877,620.00",99.67,100.21,96.76
12/5/2022,99.87,"19,955,550.00",99.82,101.75,99.36
12/2/2022,100.83,"18,821,530.00",99.37,101.15,99.17
12/1/2022,101.28,"21,771,540.00",101.40,102.59,100.67
11/30/2022,101.45,"39,888,070.00",95.12,101.45,94.67
11/29/2022,95.44,"20,220,010.00",96.00,96.39,94.39
11/28/2022,96.25,"19,981,970.00",97.20,97.83,95.89
11/25/2022,97.60,"8,567,819.00",98.47,98.94,97.53
11/23/2022,98.82,"17,568,860.00",97.34,99.07,97.34
11/22/2022,97.33,"18,868,850.00",96.16,97.55,94.41
11/21/2022,95.83,"18,696,870.00",97.56,98.72,95.67
11/18/2022,97.80,"24,969,880.00",99.01,99.16,96.74
11/17/2022,98.50,"21,818,730.00",97.18,99.48,97.10
11/16/2022,98.99,"24,660,200.00",98.02,99.85,97.90
11/15/2022,98.72,"31,830,970.00",98.67,100.42,97.02
11/14/2022,96.03,"24,170,080.00",95.50,97.18,95.11
11/11/2022,96.73,"30,569,110.00",94.71,97.36,94.16
11/10/2022,94.17,"42,371,220.00",92.34,94.55,91.65
11/9/2022,87.40,"26,743,880.00",88.55,89.49,87.36
11/8/2022,88.91,"30,172,000.00",89.16,90.41,87.65
11/7/2022,88.65,"26,899,880.00",87.34,88.94,86.96
11/4/2022,86.70,"40,173,280.00",85.51,86.73,83.88
11/3/2022,83.49,"48,510,360.00",86.35,86.55,83.45
11/2/2022,87.07,"43,553,550.00",90.91,91.30,87.01
11/1/2022,90.50,"43,220,600.00",95.59,96.17,90.43
10/31/2022,94.66,"29,868,710.00",95.78,96.35,94.38
10/28/2022,96.58,"35,696,930.00",92.53,96.86,92.32
10/27/2022,92.60,"54,036,490.00",94.31,95.17,91.90
10/26/2022,94.82,"71,671,810.00",96.76,98.54,94.57
10/25/2022,104.93,"29,910,170.00",103.30,105.10,103.02
10/24/2022,102.97,"24,680,830.00",102.09,103.10,100.30
10/21/2022,101.48,"28,988,730.00",98.46,101.62,98.23
10/20/2022,100.53,"25,125,080.00",100.82,103.00,99.97
10/19/2022,100.29,"21,573,690.00",100.70,101.66,99.64
10/18/2022,101.39,"21,610,540.00",103.94,104.22,100.65
10/17/2022,100.78,"23,311,600.00",99.52,101.77,99.51
10/14/2022,97.18,"22,624,830.00",100.63,101.29,97.03
10/13/2022,99.71,"32,812,220.00",95.93,100.53,95.27
10/12/2022,98.30,"17,343,430.00",98.27,99.65,97.67
10/11/2022,98.05,"21,617,730.00",98.25,100.12,97.25
10/10/2022,98.71,"16,529,900.00",99.85,99.99,97.87
10/7/2022,99.57,"24,249,910.00",100.65,101.42,99.21
10/6/2022,102.24,"17,156,240.00",101.50,103.73,101.50
10/5/2022,102.22,"18,475,520.00",100.69,102.74,99.74
10/4/2022,102.41,"22,580,930.00",101.04,102.72,101.04
10/3/2022,99.30,"24,840,030.00",97.22,99.97,97.02
9/30/2022,96.15,"26,277,830.00",97.73,99.49,96.03
9/29/2022,98.09,"21,921,520.00",99.30,99.30,96.52
9/28/2022,100.74,"24,617,000.00",98.02,101.40,97.80
9/27/2022,98.09,"24,224,990.00",99.91,100.46,97.34
9/26/2022,98.81,"22,437,940.00",98.61,100.44,98.38
9/23/2022,99.17,"25,656,960.00",100.06,100.11,98.01
9/22/2022,100.57,"21,272,680.00",99.45,101.68,99.41
9/21/2022,100.01,"26,596,760.00",102.24,103.49,99.99
9/20/2022,101.83,"24,001,670.00",102.88,103.17,101.12
9/19/2022,103.85,"19,738,600.00",102.54,104.02,102.37
9/16/2022,103.63,"64,540,120.00",102.97,104.03,101.86
9/15/2022,103.90,"26,494,930.00",105.01,106.21,103.31
9/14/2022,105.87,"22,115,810.00",105.44,106.10,104.50
9/13/2022,105.31,"33,014,990.00",108.89,109.37,105.00
9/12/2022,111.87,"19,732,910.00",111.99,112.64,110.93
9/9/2022,111.78,"21,745,030.00",110.05,112.00,110.00
9/8/2022,109.42,"21,660,650.00",109.18,110.58,108.06
9/7/2022,110.48,"22,987,180.00",107.76,110.99,107.62
9/6/2022,107.48,"20,565,050.00",108.14,108.88,106.51
9/2/2022,108.68,"20,618,080.00",111.34,111.68,108.13
9/1/2022,110.55,"22,784,390.00",109.20,111.22,108.19
8/31/2022,109.15,"25,897,980.00",111.63,111.77,109.05
8/30/2022,109.91,"20,548,200.00",111.03,111.37,108.80
8/29/2022,110.34,"20,386,140.00",110.78,111.96,109.81
8/26/2022,111.30,"31,698,670.00",115.81,116.60,111.22
8/25/2022,117.70,"14,874,670.00",115.15,117.78,115.05
8/24/2022,114.70,"16,051,170.00",114.45,115.72,113.78
8/23/2022,114.77,"14,390,690.00",114.32,115.93,114.30
8/22/2022,115.07,"19,316,020.00",116.10,116.50,114.67
8/19/2022,118.12,"20,186,980.00",119.87,120.00,117.67
8/18/2022,120.86,"15,652,030.00",120.23,121.69,119.55
8/17/2022,120.32,"17,589,160.00",120.93,122.15,120.20
8/16/2022,122.51,"15,626,170.00",122.32,123.23,121.54
8/15/2022,122.88,"15,524,950.00",122.21,123.26,121.57
8/12/2022,122.65,"16,121,090.00",121.16,122.65,120.40
8/11/2022,119.82,"16,671,630.00",122.08,122.34,119.55
8/10/2022,120.65,"20,497,020.00",119.59,121.78,119.36
8/9/2022,117.50,"15,424,260.00",117.99,118.20,116.56
8/8/2022,118.14,"17,061,110.00",119.12,120.86,117.83
8/5/2022,118.22,"15,615,660.00",116.93,118.86,116.71
8/4/2022,118.87,"15,757,700.00",118.30,119.50,117.71
8/3/2022,118.78,"25,302,820.00",116.34,119.42,116.15
8/2/2022,115.90,"17,911,040.00",114.43,117.08,114.26
8/1/2022,115.48,"22,856,200.00",115.53,117.12,114.69
7/29/2022,116.64,"31,336,180.00",113.40,116.90,113.23
7/28/2022,114.59,"23,303,840.00",112.80,114.70,111.85
7/27/2022,113.60,"41,474,620.00",109.60,114.40,108.42
7/26/2022,105.44,"36,626,630.00",107.43,107.74,104.76
7/25/2022,108.21,"28,289,940.00",108.88,110.58,107.01
7/22/2022,108.36,"44,455,300.00",111.81,113.18,107.60
7/21/2022,115.04,"27,267,850.00",115.09,115.21,111.91
7/20/2022,114.70,"26,780,090.00",114.06,116.33,113.26
7/19/2022,114.62,"30,992,330.00",111.73,114.81,110.50
7/18/2022,109.91,"33,353,990.00",113.44,114.80,109.30
7/15/2022,112.77,"34,330,760.00",112.96,114.00,111.82
7/14/2022,111.44,"32,365,540.00",110.83,111.99,109.33
7/13/2022,112.19,"38,958,860.00",112.64,115.16,111.82
7/12/2022,114.85,"24,970,160.00",116.84,117.85,114.62
7/11/2022,116.52,"26,830,460.00",118.65,118.79,116.23
7/8/2022,120.17,"29,082,200.00",117.55,120.44,117.51
7/7/2022,119.31,"32,183,940.00",116.01,119.86,115.53
7/6/2022,115.21,"28,852,680.00",114.09,116.35,112.25
7/5/2022,113.89,"36,429,380.00",107.51,114.05,106.25
7/1/2022,109.08,"31,027,880.00",108.34,109.81,107.11
6/30/2022,109.37,"38,046,040.00",110.50,111.33,107.31
6/29/2022,112.26,"18,627,860.00",112.15,113.66,111.55
6/28/2022,112.57,"28,316,220.00",116.35,117.86,112.44
6/27/2022,116.62,"32,839,300.00",118.94,119.25,116.00
6/24/2022,118.54,"39,122,760.00",113.60,118.64,113.60
6/23/2022,112.68,"24,709,720.00",112.95,113.20,111.03
6/22/2022,112.03,"23,921,720.00",111.16,113.77,110.72
6/21/2022,112.02,"39,010,280.00",109.70,112.67,109.29
6/17/2022,107.87,"43,516,660.00",106.54,109.25,105.63
6/16/2022,106.64,"35,313,240.00",108.15,109.29,105.79
6/15/2022,110.39,"33,192,020.00",108.90,112.06,108.12
6/14/2022,107.19,"25,480,940.00",106.89,108.46,106.35
6/13/2022,106.88,"36,756,200.00",107.45,109.22,106.59
6/10/2022,111.43,"31,349,740.00",112.78,113.50,110.86
6/9/2022,114.92,"23,141,600.00",116.34,118.35,114.87
6/8/2022,117.24,"22,544,260.00",116.88,118.65,116.70
6/7/2022,117.23,"26,413,540.00",115.65,117.75,115.13
6/6/2022,117.01,"23,786,720.00",116.74,119.40,116.53
6/3/2022,114.56,"24,952,080.00",115.99,116.36,113.67
6/2/2022,117.75,"27,495,400.00",114.19,117.90,113.31
6/1/2022,114.14,"28,629,280.00",114.93,117.40,113.55
5/31/2022,114.04,"51,301,920.00",113.08,116.43,112.57
5/27/2022,112.80,"29,924,420.00",109.79,112.87,109.55
5/26/2022,108.30,"30,287,480.00",106.05,108.96,105.49
5/25/2022,105.84,"37,899,340.00",105.14,106.54,104.21
5/24/2022,105.93,"60,386,380.00",106.38,106.40,102.21
5/23/2022,111.67,"31,558,220.00",110.10,112.01,109.15
5/20/2022,109.31,"37,586,020.00",112.09,112.55,106.37
5/19/2022,110.75,"29,191,740.00",111.84,113.59,110.47
5/18/2022,112.40,"27,982,760.00",115.24,115.70,112.14
5/17/2022,116.70,"21,576,080.00",117.23,117.23,115.34
5/16/2022,114.79,"23,282,380.00",115.38,116.61,114.34
5/13/2022,116.52,"29,737,560.00",114.85,118.09,114.00
5/12/2022,113.16,"41,464,880.00",111.94,114.86,110.11
5/11/2022,113.96,"36,501,640.00",113.71,116.67,113.65
5/10/2022,114.58,"31,157,780.00",116.04,116.69,113.38
5/9/2022,113.08,"34,520,960.00",113.30,115.56,112.55
5/6/2022,115.66,"35,309,480.00",115.52,117.50,114.14
5/5/2022,116.75,"43,089,040.00",120.22,121.23,115.18
5/4/2022,122.58,"33,231,460.00",118.00,123.14,115.74
5/3/2022,118.13,"21,215,740.00",116.77,119.30,116.63
5/2/2022,117.16,"30,279,640.00",113.91,117.34,113.40
4/29/2022,114.97,"33,693,100.00",117.58,118.96,114.69
4/28/2022,119.41,"36,790,940.00",117.12,120.44,115.14
4/27/2022,115.02,"62,238,120.00",114.37,117.50,113.12
4/26/2022,119.51,"49,393,040.00",122.75,122.75,119.16
4/25/2022,123.25,"34,521,800.00",119.43,123.28,118.77
4/22/2022,119.61,"46,410,300.00",125.00,125.45,119.14
4/21/2022,124.94,"30,157,540.00",129.35,130.31,124.65
4/20/2022,128.25,"22,609,380.00",131.28,131.92,127.89
4/19/2022,130.53,"22,719,300.00",128.08,130.90,127.45
4/18/2022,127.96,"14,917,200.00",127.41,128.71,126.58
4/14/2022,127.25,"23,483,360.00",130.65,130.71,127.11
4/13/2022,130.29,"19,542,960.00",128.63,130.66,128.44
4/12/2022,128.37,"23,003,220.00",132.42,132.42,127.58
4/11/2022,129.80,"24,187,340.00",132.90,132.94,129.62
4/8/2022,134.01,"16,434,480.00",136.25,136.25,133.75
4/7/2022,136.47,"19,448,540.00",136.62,137.70,134.86
4/6/2022,137.18,"23,574,600.00",139.16,139.85,136.42
4/5/2022,141.06,"19,255,560.00",143.40,143.59,140.94
4/4/2022,143.64,"19,084,900.00",140.82,144.04,140.82
4/1/2022,140.70,"23,480,020.00",140.01,140.95,138.80
3/31/2022,139.65,"29,516,320.00",142.45,142.64,139.62
3/30/2022,142.64,"21,046,380.00",142.87,143.48,142.17
3/29/2022,143.25,"28,678,420.00",143.16,144.16,142.48
3/28/2022,141.95,"23,773,080.00",140.68,141.98,139.83
3/25/2022,141.52,"19,289,080.00",141.75,141.96,139.70
3/24/2022,141.31,"20,544,720.00",139.27,141.40,138.04
3/23/2022,138.50,"25,302,320.00",139.14,140.03,138.17
3/22/2022,140.28,"29,776,860.00",136.50,141.50,136.50
3/21/2022,136.48,"26,632,460.00",136.85,137.58,134.61
3/18/2022,136.80,"45,899,700.00",133.88,136.91,132.93
3/17/2022,134.60,"23,994,380.00",133.32,134.74,132.72
3/16/2022,133.69,"32,058,200.00",131.00,133.77,129.20
3/15/2022,129.66,"30,292,600.00",127.74,130.52,126.57
3/14/2022,126.74,"30,253,860.00",130.57,131.03,126.41
3/11/2022,130.48,"26,599,800.00",134.00,134.20,130.30
3/10/2022,132.68,"24,265,200.00",131.46,133.54,131.40
3/9/2022,133.87,"32,257,440.00",131.40,134.20,130.09
3/8/2022,127.28,"35,249,560.00",126.25,131.25,125.86
3/7/2022,126.46,"39,177,900.00",131.90,131.90,126.41
3/4/2022,132.12,"24,472,240.00",133.38,134.20,130.41
3/3/2022,134.31,"19,779,300.00",135.98,136.71,133.43
3/2/2022,134.75,"23,966,740.00",134.61,135.62,133.43
3/1/2022,134.17,"24,639,920.00",134.48,136.11,133.38
2/28/2022,134.89,"29,675,680.00",133.28,135.64,132.83
2/25/2022,134.52,"26,235,860.00",133.53,135.39,131.77
2/24/2022,132.67,"43,165,080.00",125.00,133.04,124.76
2/23/2022,127.59,"26,431,280.00",131.08,131.75,127.50
2/22/2022,129.40,"38,906,580.00",129.99,131.90,127.74
2/18/2022,130.47,"31,858,600.00",133.04,133.82,130.31
2/17/2022,132.31,"30,968,120.00",136.15,136.84,132.20
2/16/2022,137.49,"25,609,660.00",136.43,137.95,134.82
2/15/2022,136.43,"26,577,560.00",137.47,137.90,135.54
2/14/2022,135.30,"26,792,800.00",133.37,136.17,133.30
2/11/2022,134.13,"38,808,800.00",138.75,139.28,133.29
2/10/2022,138.60,"33,017,700.00",139.50,141.43,138.05
2/9/2022,141.45,"28,627,160.00",140.85,142.18,140.38
2/8/2022,139.21,"34,255,040.00",138.99,139.84,136.87
2/7/2022,138.94,"44,610,740.00",143.71,143.85,138.70
2/4/2022,143.02,"49,224,400.00",143.02,144.54,139.82
2/3/2022,142.65,"56,930,140.00",145.30,149.12,142.21
2/2/2022,148.04,"89,750,760.00",151.86,152.10,145.56
2/1/2022,137.88,"51,203,200.00",137.84,138.20,134.57
1/31/2022,135.70,"34,055,560.00",134.20,135.84,132.27
1/28/2022,133.29,"30,517,560.00",130.00,133.37,128.69
1/27/2022,129.12,"30,285,020.00",131.36,132.61,128.95
1/26/2022,129.24,"39,630,880.00",130.59,132.81,127.15
1/25/2022,126.74,"36,008,600.00",128.44,129.34,126.38
1/24/2022,130.37,"55,292,040.00",126.03,130.78,124.64
1/21/2022,130.09,"41,919,220.00",133.01,134.76,130.00
1/20/2022,133.51,"21,930,560.00",136.51,137.91,133.14
1/19/2022,135.65,"20,795,280.00",136.94,138.40,135.50
1/18/2022,136.29,"27,401,960.00",136.60,137.39,135.62
1/14/2022,139.79,"23,825,920.00",137.50,141.20,137.50
1/13/2022,139.13,"26,565,080.00",141.84,143.19,138.91
1/12/2022,141.65,"23,641,580.00",141.55,142.81,141.11
1/11/2022,140.02,"23,501,240.00",138.18,140.33,136.81
1/10/2022,138.57,"34,095,680.00",135.10,138.64,133.14
1/7/2022,137.00,"19,408,240.00",137.91,138.25,135.79
1/6/2022,137.55,"29,049,040.00",137.50,139.69,136.76
1/5/2022,137.65,"49,641,520.00",144.18,144.30,137.52
1/4/2022,144.42,"22,927,780.00",145.55,146.61,143.82
1/3/2022,145.07,"25,224,500.00",144.48,145.55,143.50